{
  "eigenspectra": {
    "ZZ": {
      "eigenvalues": [
        11.030428,
        5.650731,
        4.526643,
        3.97926,
        3.485525,
        3.140184,
        2.803542,
        2.520486,
        2.447916,
        2.178766,
        2.093504,
        1.951218,
        1.850987,
        1.738491,
        1.648471,
        1.570009,
        1.480368,
        1.394471,
        1.373731,
        1.363403
      ],
      "normalized": [
        0.110304,
        0.056507,
        0.045266,
        0.039793,
        0.034855,
        0.031402,
        0.028035,
        0.025205,
        0.024479,
        0.021788,
        0.020935,
        0.019512,
        0.01851,
        0.017385,
        0.016485,
        0.0157,
        0.014804,
        0.013945,
        0.013737,
        0.013634
      ],
      "cumulative_variance": [
        0.110304,
        0.166812,
        0.212078,
        0.251871,
        0.286726,
        0.318128,
        0.346163,
        0.371368,
        0.395847,
        0.417635,
        0.43857,
        0.458082,
        0.476592,
        0.493977,
        0.510462,
        0.526162,
        0.540965,
        0.55491,
        0.568647,
        0.582281
      ]
    },
    "IQP": {
      "eigenvalues": [
        8.509073,
        4.599891,
        4.322773,
        3.819584,
        3.149942,
        2.863096,
        2.677049,
        2.391195,
        2.244336,
        2.20108,
        2.146753,
        1.996595,
        1.938827,
        1.778308,
        1.729021,
        1.658226,
        1.55711,
        1.475542,
        1.442347,
        1.407893
      ],
      "normalized": [
        0.085091,
        0.045999,
        0.043228,
        0.038196,
        0.031499,
        0.028631,
        0.02677,
        0.023912,
        0.022443,
        0.022011,
        0.021468,
        0.019966,
        0.019388,
        0.017783,
        0.01729,
        0.016582,
        0.015571,
        0.014755,
        0.014423,
        0.014079
      ],
      "cumulative_variance": [
        0.085091,
        0.13109,
        0.174317,
        0.212513,
        0.244013,
        0.272644,
        0.299414,
        0.323326,
        0.345769,
        0.36778,
        0.389248,
        0.409214,
        0.428602,
        0.446385,
        0.463675,
        0.480257,
        0.495829,
        0.510584,
        0.525007,
        0.539086
      ]
    },
    "Covariant": {
      "eigenvalues": [
        32.08247,
        11.669764,
        10.979582,
        5.210523,
        5.038256,
        4.391312,
        2.71758,
        2.296248,
        2.001537,
        1.906562,
        1.689286,
        1.559978,
        1.338833,
        1.249985,
        1.14823,
        1.031618,
        1.012576,
        0.915705,
        0.849518,
        0.816877
      ],
      "normalized": [
        0.320825,
        0.116698,
        0.109796,
        0.052105,
        0.050383,
        0.043913,
        0.027176,
        0.022962,
        0.020015,
        0.019066,
        0.016893,
        0.0156,
        0.013388,
        0.0125,
        0.011482,
        0.010316,
        0.010126,
        0.009157,
        0.008495,
        0.008169
      ],
      "cumulative_variance": [
        0.320825,
        0.437522,
        0.547318,
        0.599423,
        0.649806,
        0.693719,
        0.720895,
        0.743857,
        0.763873,
        0.782938,
        0.799831,
        0.815431,
        0.828819,
        0.841319,
        0.852801,
        0.863118,
        0.873243,
        0.8824,
        0.890896,
        0.899064
      ]
    },
    "HW-Efficient": {
      "eigenvalues": [
        37.359151,
        13.631626,
        9.758366,
        5.107589,
        4.48155,
        3.343813,
        2.870388,
        2.221252,
        2.06835,
        1.768158,
        1.438758,
        1.319164,
        1.19877,
        1.097314,
        1.039814,
        0.944455,
        0.907912,
        0.826077,
        0.813007,
        0.749859
      ],
      "normalized": [
        0.373592,
        0.136316,
        0.097584,
        0.051076,
        0.044815,
        0.033438,
        0.028704,
        0.022213,
        0.020684,
        0.017682,
        0.014388,
        0.013192,
        0.011988,
        0.010973,
        0.010398,
        0.009445,
        0.009079,
        0.008261,
        0.00813,
        0.007499
      ],
      "cumulative_variance": [
        0.373592,
        0.509908,
        0.607491,
        0.658567,
        0.703383,
        0.736821,
        0.765525,
        0.787737,
        0.808421,
        0.826102,
        0.84049,
        0.853682,
        0.865669,
        0.876642,
        0.887041,
        0.896485,
        0.905564,
        0.913825,
        0.921955,
        0.929454
      ]
    },
    "RBF": {
      "eigenvalues": [
        77.655143,
        8.07109,
        7.224182,
        1.488823,
        1.196245,
        1.05814,
        0.788381,
        0.60819,
        0.535135,
        0.275138,
        0.241016,
        0.160314,
        0.124002,
        0.112954,
        0.080416,
        0.066942,
        0.060282,
        0.050361,
        0.043542,
        0.025957
      ],
      "normalized": [
        0.776551,
        0.080711,
        0.072242,
        0.014888,
        0.011962,
        0.010581,
        0.007884,
        0.006082,
        0.005351,
        0.002751,
        0.00241,
        0.001603,
        0.00124,
        0.00113,
        0.000804,
        0.000669,
        0.000603,
        0.000504,
        0.000435,
        0.00026
      ],
      "cumulative_variance": [
        0.776551,
        0.857262,
        0.929504,
        0.944392,
        0.956355,
        0.966936,
        0.97482,
        0.980902,
        0.986253,
        0.989005,
        0.991415,
        0.993018,
        0.994258,
        0.995388,
        0.996192,
        0.996861,
        0.997464,
        0.997968,
        0.998403,
        0.998663
      ]
    }
  },
  "metrics": {
    "ZZ": {
      "effective_dimension": 55.67,
      "participation_ratio": 33.62,
      "kta_centered": 0.0906
    },
    "IQP": {
      "effective_dimension": 62.53,
      "participation_ratio": 42.34,
      "kta_centered": 0.0907
    },
    "Covariant": {
      "effective_dimension": 15.35,
      "participation_ratio": 7.16,
      "kta_centered": 0.1035
    },
    "HW-Efficient": {
      "effective_dimension": 12.17,
      "participation_ratio": 5.66,
      "kta_centered": 0.1099
    },
    "RBF": {
      "effective_dimension": 2.57,
      "participation_ratio": 1.62,
      "kta_centered": 0.0959
    }
  },
  "geometric_differences": {
    "ZZ_vs_RBF": {
      "g_q_over_c": 3.63,
      "g_c_over_q": 339.85
    },
    "IQP_vs_RBF": {
      "g_q_over_c": 3.75,
      "g_c_over_q": 392.59
    },
    "Covariant_vs_RBF": {
      "g_q_over_c": 2.48,
      "g_c_over_q": 95.34
    },
    "HW-Efficient_vs_RBF": {
      "g_q_over_c": 3.29,
      "g_c_over_q": 72.74
    }
  }
}